contrast,correlation,luminance,hue,number_of_pic,x_1,x_2,y_1,y_2,weed/not weed
7.7842337137079305,0.9588905280632198,24572.688454901956,-293.7088819449428,0,0,322.0,0,259.2,0
28.828109201213348,0.9741048269946726,24017.839447058825,-1621.3454251615306,0,0,322.0,259.2,518.4,1
33.64105156723964,0.9739338852769048,23039.522282352937,-2996.6363927475304,0,0,322.0,518.4,777.5999999999999,1
26.45747267562233,0.9761920932035811,25771.099615686275,-3411.227731375766,0,0,322.0,777.5999999999999,1036.8,1
11.10843185687906,0.9848841280592588,24333.23477647059,-980.8284012936484,0,0,322.0,1036.8,1296.0,1
11.141725648803508,0.96518562949873,23501.59630588235,-538.7060271677661,0,322.0,644.0,0,259.2,0
28.21131253310222,0.9849260005202468,26783.16099607843,-3296.0172924868243,0,322.0,644.0,259.2,518.4,1
31.33735374837499,0.9812770564202323,23881.63723921568,-3222.98091149553,0,322.0,644.0,518.4,777.5999999999999,1
24.058645096056626,0.9724312557732596,25162.038180392152,-3065.2669467049423,0,322.0,644.0,777.5999999999999,1036.8,1
9.852394541835535,0.9860548137929777,23677.57709019608,-327.99724160306005,0,322.0,644.0,1036.8,1296.0,1
10.168953729115508,0.9564201229878831,23553.998035294113,-425.2689013591779,0,644.0,966.0,0,259.2,0
24.140245076797154,0.9815045383941817,24283.489047058825,-1962.5536877092954,0,644.0,966.0,259.2,518.4,1
22.997279599402958,0.988007446716483,23917.331094117642,-3365.060219795648,0,644.0,966.0,518.4,777.5999999999999,1
23.336246328662913,0.9821144218166757,26633.20274509804,-1760.5004357529424,0,644.0,966.0,777.5999999999999,1036.8,1
9.936557231588289,0.9753869048014677,24414.51642352941,-439.1011740630603,0,644.0,966.0,1036.8,1296.0,1
11.957701381867208,0.9665496522256835,24095.400980392154,-678.0473056176486,1,0,322.0,0,259.2,1
16.398803505224134,0.9808206014282366,22159.11616862745,-399.2689230565895,1,0,322.0,259.2,518.4,1
23.96359959555107,0.9740530373977356,23535.601890196074,-2176.0887919357656,1,0,322.0,518.4,777.5999999999999,1
21.618060571043383,0.9874785975180944,26757.063262745098,-3173.052511882825,1,0,322.0,777.5999999999999,1036.8,1
9.031379649392072,0.9851810701755443,23392.43748627451,-965.1011492203542,1,0,322.0,1036.8,1296.0,1
9.25625932880736,0.950124640139306,23438.047176470587,-146.09644922470747,1,322.0,644.0,0,259.2,0
25.161623092108435,0.9666589749068405,23029.596658823524,-523.7076961360012,1,322.0,644.0,259.2,518.4,1
24.16560739563773,0.97449578737819,24141.53383529412,-1754.9490075548247,1,322.0,644.0,518.4,777.5999999999999,1
30.83519909480476,0.9762996498048485,25137.54330196078,-1298.9932840322367,1,322.0,644.0,777.5999999999999,1036.8,1
10.885440897863257,0.9821409274307165,22265.185576470583,-959.7704430510599,1,322.0,644.0,1036.8,1296.0,1
8.624632866291106,0.9840598701058261,23728.75810980392,-496.69347319364846,1,644.0,966.0,0,259.2,0
19.947289229139585,0.9641082412981996,23016.97442745098,-362.3254388956484,1,644.0,966.0,259.2,518.4,0
27.635177427897354,0.9826919701902482,26539.64505490196,-1189.4731667156482,1,644.0,966.0,518.4,777.5999999999999,1
18.401800760749193,0.988448423133804,24109.59394901961,-2933.999787738707,1,644.0,966.0,777.5999999999999,1036.8,1
14.227967097532314,0.9816063518251192,23758.087039215683,-1093.9037583135305,1,644.0,966.0,1036.8,1296.0,1
7.610513264962204,0.9666638995305373,23976.278117647056,-325.33350355764856,2,0,322.0,0,259.2,0
17.63233665559247,0.9681965544277936,23623.441890196078,-250.5313463357661,2,0,322.0,259.2,518.4,0
22.688453945784588,0.9699599818929597,22522.176607843136,-1143.776169899413,2,0,322.0,518.4,777.5999999999999,1
25.66536665222207,0.9776607298008733,25973.071772549014,-1831.3963514110599,2,0,322.0,777.5999999999999,1036.8,0
7.416137077627761,0.9856557867424477,24405.156666666662,-662.00458254706,2,0,322.0,1036.8,1296.0,0
6.903690596562185,0.9707042154550215,23116.437184313723,-61.46408652400152,2,322.0,644.0,0,259.2,0
28.604675237132266,0.9590148699261448,23698.677435294114,-70.15515099553079,2,322.0,644.0,259.2,518.4,0
19.749578699022585,0.9862755046890245,24270.72318039216,-1351.198888966707,2,322.0,644.0,518.4,777.5999999999999,1
29.806935817805385,0.9807823558207057,27283.97594509803,-2438.620956482589,2,322.0,644.0,777.5999999999999,1036.8,1
10.95688145998705,0.9893468406047775,23560.204133333333,-545.0671283691779,2,322.0,644.0,1036.8,1296.0,1
7.69004285232799,0.9539563718113778,22493.95690588235,-292.5945048725897,2,644.0,966.0,0,259.2,0
21.55965621840243,0.9812050928341953,24745.79912941176,-44.03027632541318,2,644.0,966.0,259.2,518.4,0
20.014685348355727,0.9801729204910522,24059.254023529407,-887.03122927906,2,644.0,966.0,518.4,777.5999999999999,1
27.241008233424818,0.981674805980772,28483.70832941176,-2222.6729836385894,2,644.0,966.0,777.5999999999999,1036.8,1
11.134091944650951,0.9911265575586443,24792.244623529412,-1913.5167897544718,2,644.0,966.0,1036.8,1296.0,1
11.221279310510857,0.9763328513846561,23802.466062745098,-763.8683371955308,3,0,322.0,0,259.2,1
21.72271173383408,0.9717998983868512,23801.830576470584,-824.5647417363543,3,0,322.0,259.2,518.4,1
29.245173094515867,0.9727177953672547,25369.306576470586,-2988.4373768963537,3,0,322.0,518.4,777.5999999999999,1
20.537327266599263,0.9781233849643552,25198.485054901957,-2804.081724880354,3,0,322.0,777.5999999999999,1036.8,1
8.091309144104173,0.9872606596734455,21762.947772549018,-783.4942939828248,3,0,322.0,1036.8,1296.0,1
12.289590254706534,0.9800337383940633,22562.24833333333,-1002.3741013852953,3,322.0,644.0,0,259.2,1
18.5260725119168,0.9724865895637289,23897.42111372549,-1018.370526664472,3,322.0,644.0,259.2,518.4,1
38.48860079926814,0.9670646569292294,25969.07929411764,-1748.6137469811777,3,322.0,644.0,518.4,777.5999999999999,1
29.85041407867495,0.9785268818465466,32484.162121568625,-1417.2970614031776,3,322.0,644.0,777.5999999999999,1036.8,1
9.01931701000024,0.988202908251934,24285.011199999997,-357.12608925082486,3,322.0,644.0,1036.8,1296.0,1
13.610898454427273,0.9756223060556438,23521.375678431374,-965.0979191418838,3,644.0,966.0,0,259.2,1
14.233159998074054,0.9638462657005871,24134.955156862743,-113.58570941823669,3,644.0,966.0,259.2,518.4,0
20.445591988059128,0.9793895222737046,24507.42872156863,-1547.6942525680013,3,644.0,966.0,518.4,777.5999999999999,1
29.528865135538545,0.9783418418585793,29256.40527843137,-376.7972671367074,3,644.0,966.0,777.5999999999999,1036.8,1
9.882635075181659,0.9861908094102309,25250.10941960784,-275.3598828463543,3,644.0,966.0,1036.8,1296.0,0
8.064326640666378,0.964359584710582,21966.616941176468,-258.79388706353086,4,0,322.0,0,259.2,0
15.240273966007033,0.9724904364752823,23697.0809490196,-352.9032999969427,4,0,322.0,259.2,518.4,1
21.761868650392415,0.9835187869036873,24673.916533333333,-2021.4563220061186,4,0,322.0,518.4,777.5999999999999,1
18.53847079782368,0.9808110603342576,22816.19942745098,-2232.675459969177,4,0,322.0,777.5999999999999,1036.8,1
6.750881316098708,0.9769885795990791,23060.96122352941,-765.0720797722367,4,0,322.0,1036.8,1296.0,1
9.323787856902115,0.9733436810750777,21293.772415686275,-171.4288779767073,4,322.0,644.0,0,259.2,0
26.439982666474073,0.9787139749772045,24525.42568627451,-769.4585263352956,4,322.0,644.0,259.2,518.4,1
22.380928306610816,0.9698814264020102,25126.004345098037,-130.80095097364838,4,322.0,644.0,518.4,777.5999999999999,1
13.68044922721364,0.9700503181025237,24088.46207058823,-329.51537848423663,4,322.0,644.0,777.5999999999999,1036.8,0
7.270414158612916,0.9732343903142068,23106.421670588235,-317.7298988378838,4,322.0,644.0,1036.8,1296.0,0
8.35853916895373,0.9808213239288222,22558.25185882353,-223.0390717797661,4,644.0,966.0,0,259.2,0
16.17636862631807,0.9712404555911384,21813.841709803917,-409.8194360343543,4,644.0,966.0,259.2,518.4,0
17.00465838509317,0.9693779744979917,24335.059839215683,-1822.2563060321188,4,644.0,966.0,518.4,777.5999999999999,0
13.16342866772594,0.9760712602751092,22697.259713725485,-643.5619111728248,4,644.0,966.0,777.5999999999999,1036.8,0
7.89208374301542,0.97386148910521,23391.208462745097,-195.5640243089426,4,644.0,966.0,1036.8,1296.0,0
6.873224517309452,0.9769633160406125,22432.58364705882,-356.4822269423545,5,0,322.0,0,259.2,0
14.955655062834033,0.9652909930138682,22397.36209019608,-763.5464060412954,5,0,322.0,259.2,518.4,1
20.36490683229814,0.9850073939582336,23936.983380392154,-3529.9654159545894,5,0,322.0,518.4,777.5999999999999,1
14.722988588762101,0.9788697796609873,24580.66585882353,-1700.380061872707,5,0,322.0,777.5999999999999,1036.8,1
7.895644979495912,0.9836814454200956,21688.944588235296,-581.4248916341188,5,0,322.0,1036.8,1296.0,0
8.162995329577736,0.9667440362339378,23093.68863137254,-293.2082197820015,5,322.0,644.0,0,259.2,0
14.221086715778325,0.9570809822969867,23637.27894901961,-368.2677065887074,5,322.0,644.0,259.2,518.4,1
23.721965429245515,0.9857608372278505,25907.366078431372,-3468.081419229413,5,322.0,644.0,518.4,777.5999999999999,1
21.244848090904718,0.9831918741131801,27569.96396470588,-2728.5043488255305,5,322.0,644.0,777.5999999999999,1036.8,0
7.795079018681503,0.9848783757048858,25659.40463137255,-107.30643687141314,5,322.0,644.0,1036.8,1296.0,0
5.8658698059608065,0.9859836611367978,24612.766756862744,-284.81647591541326,5,644.0,966.0,0,259.2,0
14.16204439308585,0.9725813236636695,24369.493258823528,-439.78918077729554,5,644.0,966.0,259.2,518.4,1
19.439272473397857,0.9807414136038933,22656.29049411765,-992.4394567025894,5,644.0,966.0,518.4,777.5999999999999,1
18.692113245702732,0.9731230532704942,27235.928745098037,-815.1533697658838,5,644.0,966.0,777.5999999999999,1036.8,0
8.72434590757572,0.9841862618179169,25063.895262745096,-78.29279535576607,5,644.0,966.0,1036.8,1296.0,0
8.08531946651259,0.9772870277595342,22510.609215686272,-438.2678138176484,6,0,322.0,0,259.2,0
15.912598102941885,0.972089677278305,23768.301929411766,-330.3465853440014,6,0,322.0,259.2,518.4,1
14.51894650681304,0.9833262121871856,22306.77796470588,-1529.186979624354,6,0,322.0,518.4,777.5999999999999,1
20.20242910106409,0.9759503920109107,27178.217113725488,-4069.2227098480002,6,0,322.0,777.5999999999999,1036.8,1
6.8291206024125275,0.9858155802596391,22773.722494117643,-880.1188613520012,6,0,322.0,1036.8,1296.0,1
7.23699985555395,0.9679648950416601,23872.697847058826,-260.96126971729575,6,322.0,644.0,0,259.2,1
29.737818383167223,0.9726091063096032,25398.062607843134,-2928.276088688825,6,322.0,644.0,259.2,518.4,1
34.06758871394868,0.9798678200217436,26231.974439215686,-4550.196467818118,6,322.0,644.0,518.4,777.5999999999999,1
30.730800712600516,0.9796492306213352,27275.406254901958,-2922.343511231178,6,322.0,644.0,777.5999999999999,1036.8,1
9.436533250197847,0.9881814132663668,23642.65641960784,-828.4085351163544,6,322.0,644.0,1036.8,1296.0,1
6.631313496075883,0.9619429573734514,23115.085019607843,-286.0126816423545,6,644.0,966.0,0,259.2,1
14.90777119745775,0.9746222479868,24497.341176470585,-1548.284280235295,6,644.0,966.0,259.2,518.4,1
22.735904473012667,0.9764028348073758,22873.692431372547,-1905.8647338576482,6,644.0,966.0,518.4,777.5999999999999,1
13.127810679377921,0.9746321371828071,25548.43359607843,-1498.2622083469425,6,644.0,966.0,777.5999999999999,1036.8,1
6.315367274994604,0.9807411578337164,23554.29371372549,-212.2495329951779,6,644.0,966.0,1036.8,1296.0,0
5.792756030622562,0.9694515471937042,23456.820654901963,-324.7746999822369,7,0,322.0,0,259.2,0
11.035305021907652,0.9739937366210255,22714.548333333336,-237.3838502676484,7,0,322.0,259.2,518.4,0
28.47721363570707,0.9764411942517119,24480.49416078431,-2298.4732351078837,7,0,322.0,518.4,777.5999999999999,1
12.234941499349995,0.9843718633061281,23973.445729411767,-2058.316900819648,7,0,322.0,777.5999999999999,1036.8,1
4.924290750377708,0.9797648583284077,21316.704188235293,-595.480039752472,7,0,322.0,1036.8,1296.0,0
7.231137753382446,0.9680502974682101,23613.264035294113,-280.01227253682515,7,322.0,644.0,0,259.2,1
15.15662766623333,0.9649873116919208,24084.295258823524,-343.6728124208249,7,322.0,644.0,259.2,518.4,1
19.422950069815595,0.9792097296870114,22092.120278431372,-737.4624456984717,7,322.0,644.0,518.4,777.5999999999999,1
35.193437334488905,0.9780019186015982,31315.587133333338,-362.885319163884,7,322.0,644.0,777.5999999999999,1036.8,1
9.473908247200173,0.9891916631528046,24145.98954901961,-187.5652733229425,7,322.0,644.0,1036.8,1296.0,0
11.834789830998123,0.9733958642551923,22267.915525490193,-1393.3018851380011,7,644.0,966.0,0,259.2,1
15.989262843661228,0.9733835239944055,22864.727890196078,-1328.7207728898838,7,644.0,966.0,259.2,518.4,1
22.848488131349608,0.9847914920034114,23200.247678431373,-1144.1304018383541,7,644.0,966.0,518.4,777.5999999999999,1
22.41908613799413,0.9805036309178395,27532.319776470587,-2558.210305084825,7,644.0,966.0,777.5999999999999,1036.8,1
6.565385261037434,0.9824234197740673,23298.6541372549,-503.908391804119,7,644.0,966.0,1036.8,1296.0,1
6.50152872068949,0.9721608584583885,22622.61642745098,-324.99649870388384,8,0,322.0,0,259.2,0
13.985663729596999,0.9660920133438415,23219.74161568627,-173.9677196545897,8,0,322.0,259.2,518.4,0
19.394807164524057,0.978438411058322,21715.437937254905,-1355.0200717974126,8,0,322.0,518.4,777.5999999999999,0
16.24731571091531,0.9747737907204599,26009.87280784313,-1025.0309484708248,8,0,322.0,777.5999999999999,1036.8,0
6.4933931269334995,0.9878849095694204,21975.31795686274,-576.3719722132953,8,0,322.0,1036.8,1296.0,0
6.4846405700804075,0.9668790606581479,23053.073505882352,-128.24703559623686,8,322.0,644.0,0,259.2,0
19.71749963888488,0.971596855893037,23711.30326666666,-953.044342982472,8,322.0,644.0,259.2,518.4,1
24.276168809283067,0.9727399502869031,23368.892278431373,-1762.2371412772954,8,322.0,644.0,518.4,777.5999999999999,1
20.173515816842414,0.9840142617983931,25362.045427450976,-2825.7071002409425,8,322.0,644.0,777.5999999999999,1036.8,1
5.212439147221755,0.9856084158155345,22203.42169019608,-350.6928496302365,8,322.0,644.0,1036.8,1296.0,0
6.830552746882373,0.957395640672253,23230.10916078431,-257.5750707872957,8,644.0,966.0,0,259.2,0
20.344455679137177,0.9770389206966889,23718.6890117647,-982.0019964712953,8,644.0,966.0,259.2,518.4,1
23.666329625884735,0.9789944066957451,21993.755709803918,-1938.3033352449422,8,644.0,966.0,518.4,777.5999999999999,1
16.680497375896774,0.9817210931877163,23916.243262745094,-1200.2282513298835,8,644.0,966.0,777.5999999999999,1036.8,1
5.723770354205137,0.9869154430017645,22025.67462352941,-265.0462422897659,8,644.0,966.0,1036.8,1296.0,0
5.702766141846022,0.9596174725476452,24479.93141568627,-260.8320665784722,9,0,322.0,0,259.2,0
17.80032741104531,0.9739623274658331,24296.26075686274,-183.94112527894274,9,0,322.0,259.2,518.4,0
16.766840001925946,0.981389873080671,24392.474572549017,-2505.860423312002,9,0,322.0,518.4,777.5999999999999,1
21.586812075689732,0.9795231129544548,25500.949694117648,-2560.328159868707,9,0,322.0,777.5999999999999,1036.8,1
7.296505911412743,0.9863516418862921,22234.30470980392,-815.7272470408245,9,0,322.0,1036.8,1296.0,1
6.127738456353219,0.9673358594168611,24356.013549019604,-72.10073492764865,9,322.0,644.0,0,259.2,0
12.81478405315615,0.9575185038477685,24192.300537254898,-153.05296155753092,9,322.0,644.0,259.2,518.4,0
19.688875246762002,0.9786272081403959,25067.100721568622,-905.2101109115305,9,322.0,644.0,518.4,777.5999999999999,1
24.545536617073527,0.9712760830915897,28094.26957647059,-1138.1353761969426,9,322.0,644.0,777.5999999999999,1036.8,1
6.7124391472217555,0.9829974516079663,22938.55443921568,-392.7624683240013,9,322.0,644.0,1036.8,1296.0,0
5.6688213202368924,0.9763122979911135,22753.505337254897,-246.88889451376625,9,644.0,966.0,0,259.2,0
17.839050989455437,0.9635259815998307,23598.70048235294,-326.05381105658955,9,644.0,966.0,259.2,518.4,1
16.139137657085083,0.9788229823458491,21175.712513725488,-1417.3508960443542,9,644.0,966.0,518.4,777.5999999999999,1
13.28772449323511,0.9842618457802026,26239.455894117647,45.95432640105746,9,644.0,966.0,777.5999999999999,1036.8,0
5.5624835127940715,0.9848548528916824,23633.011,-219.66148639235428,9,644.0,966.0,1036.8,1296.0,0
10.238624873609707,0.9731910940035764,24330.197392156857,-392.1369097935309,10,0,322.0,0,259.2,1
19.478850690933605,0.9685829067576253,23807.31855294117,-1205.6946207949425,10,0,322.0,259.2,518.4,1
14.16653425778805,0.984126759244845,22373.63882352941,-1077.4465085058835,10,0,322.0,518.4,777.5999999999999,1
17.308320092445474,0.9753803859637853,24491.72632156863,-1337.118976913413,10,0,322.0,777.5999999999999,1036.8,1
5.967445262476319,0.9702468246830334,22778.319223529412,-898.2266812581189,10,0,322.0,1036.8,1296.0,1
6.853628003274111,0.9679065732815094,23914.12337254902,-217.0397393670604,10,322.0,644.0,0,259.2,0
16.428739948962395,0.9668486486480534,24878.494270588235,-29.49815328623674,10,322.0,644.0,259.2,518.4,0
23.137572824883243,0.9783151797905236,22504.81641568627,-1434.454161546119,10,322.0,644.0,518.4,777.5999999999999,1
20.93378352352064,0.9741745028817512,25797.32319607843,-1180.1037857652955,10,322.0,644.0,777.5999999999999,1036.8,1
5.982853305834672,0.9736102651793938,23998.38123137255,-404.752519606825,10,322.0,644.0,1036.8,1296.0,0
5.4782247580528685,0.9634121078232932,24390.771133333328,-174.63634589800165,10,644.0,966.0,0,259.2,0
19.127353266888154,0.9763639283600618,24167.122815686274,-1670.2886508407073,10,644.0,966.0,259.2,518.4,1
22.39053396889595,0.9828413714936953,24134.465631372546,-1231.6590682343544,10,644.0,966.0,518.4,777.5999999999999,1
18.358298425538063,0.9779218996068854,26478.769705882354,-1026.9765324029427,10,644.0,966.0,777.5999999999999,1036.8,0
4.666466821746325,0.986089854922057,24377.04129803921,-337.7725357478838,10,644.0,966.0,1036.8,1296.0,0
6.786701333718524,0.9621775466298389,24833.566101960783,-166.01311307435452,11,0,322.0,0,259.2,0
14.012663103664117,0.9579679507461959,24861.588262745096,-507.83401383870734,11,0,322.0,259.2,518.4,0
20.815337763012185,0.9759774489998321,23221.741043137252,-552.5781375061189,11,0,322.0,518.4,777.5999999999999,1
15.857022485435024,0.9719290333233638,23161.573254901956,-495.4294358188249,11,0,322.0,777.5999999999999,1036.8,0
7.124955034892922,0.9765548054276765,22597.489631372544,-707.0512568978837,11,0,322.0,1036.8,1296.0,0
6.067913717559825,0.9713445233012779,24568.28708627451,-121.94730588576626,11,322.0,644.0,0,259.2,0
17.534811497905537,0.9649043127430649,24977.72870588235,-41.84028312235438,11,322.0,644.0,259.2,518.4,0
27.16223698781839,0.9773942590952855,24769.19601960784,-1660.4272212700014,11,322.0,644.0,518.4,777.5999999999999,1
14.713394963647746,0.9738447624687417,23722.98746666667,-1039.53830757506,11,322.0,644.0,777.5999999999999,1036.8,1
6.086105182378474,0.9867676120494752,24346.900929411764,-672.341910345766,11,322.0,644.0,1036.8,1296.0,0
8.674334344455678,0.9683641085021024,23462.18505490196,-292.69571399800157,11,644.0,966.0,0,259.2,0
17.600823342481583,0.9643843661910028,24380.932298039213,-36.530034116707306,11,644.0,966.0,259.2,518.4,0
16.353002070393373,0.9801169466189887,22717.447729411764,-640.02174516906,11,644.0,966.0,518.4,777.5999999999999,1
11.396347922384322,0.9677321874763006,25929.482960784313,-387.6794015041191,11,644.0,966.0,777.5999999999999,1036.8,0
5.32186623180412,0.9680029919817268,24222.05808627451,-300.0484492898839,11,644.0,966.0,1036.8,1296.0,0
8.605770619673551,0.9737929121291659,24102.087439215684,-273.83636250106025,12,0,322.0,0,259.2,0
17.859044730126634,0.9750828218617723,24200.238125490192,-200.91734102753085,12,0,322.0,259.2,518.4,0
21.925501950021673,0.972065335789938,23366.815760784313,-600.7267638815307,12,0,322.0,518.4,777.5999999999999,1
21.350353892821037,0.9704493951993237,26864.641345098036,-635.2369222612956,12,0,322.0,777.5999999999999,1036.8,1
8.828593011822825,0.9809300404007756,23115.35200784314,-617.5113283075307,12,0,322.0,1036.8,1296.0,0
13.398454427271414,0.9784781424270438,23854.57612156862,-910.2931777314132,12,322.0,644.0,0,259.2,1
13.86324570273003,0.9810418995551868,22754.749705882354,-573.365845850001,12,322.0,644.0,259.2,518.4,1
29.448192016948344,0.9837327285388167,26711.19728235294,-3055.1815650269414,12,322.0,644.0,518.4,777.5999999999999,1
16.94608551206125,0.9806172572001532,25752.823094117644,-1163.8478775156482,12,322.0,644.0,777.5999999999999,1036.8,1
7.1019928535456485,0.9811823676538325,23063.29395294117,-553.456718850119,12,322.0,644.0,1036.8,1296.0,1
6.736963744041602,0.9674466172280024,24350.62367058823,-299.135413775531,12,644.0,966.0,0,259.2,0
9.47285617988348,0.9819743775216789,24022.01292941176,-208.15810026576608,12,644.0,966.0,259.2,518.4,0
25.415402763734413,0.9778813685403815,24083.263188235294,-1431.0313550601188,12,644.0,966.0,518.4,777.5999999999999,0
13.295512542731958,0.9810848541349729,22108.12495294117,-1332.2447885012955,12,644.0,966.0,777.5999999999999,1036.8,1
11.228626585769442,0.9817264011941633,22679.39128627451,-2035.9119998548251,12,644.0,966.0,1036.8,1296.0,1
6.676814001637056,0.9686334691265162,24103.798894117645,-290.1837896407074,13,0,322.0,0,259.2,0
13.545681063122924,0.9694880261960331,23749.76039215686,-468.03837038823673,13,0,322.0,259.2,518.4,0
22.59937888198758,0.9729900573339137,24782.148478431372,-194.69405650753083,13,0,322.0,518.4,777.5999999999999,0
20.179004766719633,0.9739018125199534,26126.260486274507,-179.54068170917793,13,0,322.0,777.5999999999999,1036.8,0
7.802920933355717,0.9792178408066426,22213.836458823527,-734.6608909716482,13,0,322.0,1036.8,1296.0,0
6.751083345370505,0.9635345605059616,24151.416215686273,-116.93422409941334,13,322.0,644.0,0,259.2,0
21.426308440464158,0.9730012211190753,24343.984278431366,-45.53656958553081,13,322.0,644.0,259.2,518.4,0
26.90889065434061,0.9779205791700918,22715.177164705878,-625.0966292492953,13,322.0,644.0,518.4,777.5999999999999,1
23.881457942125287,0.979500263395735,25527.306400000005,-1173.633938588707,13,322.0,644.0,777.5999999999999,1036.8,1
7.844312813256911,0.9839597242391086,23642.90876470588,-400.9657909464719,13,322.0,644.0,1036.8,1296.0,0
7.424695459579181,0.9716647227985675,24418.431835294115,-348.5405406760015,13,644.0,966.0,0,259.2,1
17.51292792142135,0.9732664223117672,24399.65970980392,-1155.504584826119,13,644.0,966.0,259.2,518.4,1
16.610272521546538,0.9762148021090084,26967.90458431372,-2220.018935828589,13,644.0,966.0,518.4,777.5999999999999,1
23.989756367663347,0.9775707446745232,27177.52304313725,-1432.699152243766,13,644.0,966.0,777.5999999999999,1036.8,1
6.326242835559605,0.982635297299088,23634.089752941174,-440.2607722340013,13,644.0,966.0,1036.8,1296.0,1
8.522196542924553,0.9737334481308437,26207.626815686275,-238.24412783364858,14,0,322.0,0,259.2,0
16.928824209157884,0.9679882575532327,24121.78701568627,-300.770910174472,14,0,322.0,259.2,518.4,0
18.405303577447164,0.9771873543306404,24177.794286274508,-305.76891826129537,14,0,322.0,518.4,777.5999999999999,0
25.045211613462378,0.9668971333560202,30190.348372549015,-162.2629919700015,14,0,322.0,777.5999999999999,1036.8,0
11.293915921245114,0.9858153871473463,24522.64064705882,-1682.757830430001,14,0,322.0,1036.8,1296.0,0
7.467186672444509,0.9646132755379748,24125.550015686276,-361.59867123976625,14,322.0,644.0,0,259.2,0
16.70838750060186,0.9607665412224824,24861.61070588235,-627.4858106247074,14,322.0,644.0,259.2,518.4,1
22.083826857335453,0.9731232235913553,23524.21576862745,-877.4863473984718,14,322.0,644.0,518.4,777.5999999999999,1
25.67561028455872,0.9857874201892165,28005.887525490194,-1775.2909650697661,14,322.0,644.0,777.5999999999999,1036.8,1
7.031319695915969,0.9946778971606443,22808.704725490195,-2491.1603361923535,14,322.0,644.0,1036.8,1296.0,1
7.435649284992056,0.9725856253912589,24731.06788627451,-275.25975041376626,14,644.0,966.0,0,259.2,0
14.029984592421398,0.9572348242957132,24292.193298039212,-445.9586306561191,14,644.0,966.0,259.2,518.4,1
16.764829794405124,0.980165795600674,22589.998274509802,-992.5815801552953,14,644.0,966.0,518.4,777.5999999999999,1
15.11310125668063,0.9807348792023162,26360.38910980392,-725.2915100212956,14,644.0,966.0,777.5999999999999,1036.8,1
9.808724429842442,0.9877568052131516,24365.529086274506,-247.19898204694246,14,644.0,966.0,1036.8,1296.0,1
8.484207231932208,0.9666405008923565,25523.947639215687,-187.2411887830604,15,0,322.0,0,259.2,0
11.480981270162264,0.9797991159805453,23491.697533333332,-580.9113091572956,15,0,322.0,259.2,518.4,1
30.84207231932207,0.9791943646204372,25879.470815686273,-3713.8731637560013,15,0,322.0,518.4,777.5999999999999,1
33.49381289421735,0.9727375478105277,30392.91209803921,-876.3795071758838,15,0,322.0,777.5999999999999,1036.8,1
8.570325427468285,0.9859137419979012,24541.124396078427,-491.061293033766,15,0,322.0,1036.8,1296.0,0
13.216560739563775,0.9817727792248635,24369.995725490196,-96.82698562000147,15,322.0,644.0,0,259.2,0
12.873718041311571,0.9713608203675431,24825.815666666662,-286.8148177958838,15,322.0,644.0,259.2,518.4,1
30.84101304829313,0.976019751582068,25400.562831372546,-2364.4239006275307,15,322.0,644.0,518.4,777.5999999999999,1
25.241056382107953,0.9714862770040006,29632.9797372549,-670.4124768060015,15,322.0,644.0,777.5999999999999,1036.8,1
10.048286529652987,0.9850546128964262,24690.90893725489,-234.09132361329546,15,322.0,644.0,1036.8,1296.0,0
7.787772641918243,0.9756672399515605,24380.988945098037,-241.89303981258976,15,644.0,966.0,0,259.2,0
14.066336848187204,0.9521903178907344,24717.544184313723,-314.5461181587074,15,644.0,966.0,259.2,518.4,0
18.572331359237328,0.9814876787554653,24189.687752941176,-1313.749359178707,15,644.0,966.0,518.4,777.5999999999999,1
16.981065530357746,0.9829482732738677,27933.494239215685,-2681.194466159648,15,644.0,966.0,777.5999999999999,1036.8,1
8.39305498932828,0.9828503902859745,24233.40434117647,-266.97782921517785,15,644.0,966.0,1036.8,1296.0,0
6.380025518802061,0.9736431510555319,21837.875658823526,-324.3418694671779,16,0,322.0,0,259.2,0
11.213587558380278,0.9716068291565312,23169.916682352938,-467.6529143574132,16,0,322.0,259.2,518.4,1
21.50554913573114,0.9826295037403661,24885.34574509804,-2001.8895833241186,16,0,322.0,518.4,777.5999999999999,1
18.420145409023064,0.9804668220956786,27224.031890196075,-1654.9156307063545,16,0,322.0,777.5999999999999,1036.8,1
9.828748890860691,0.988383676475237,23440.2065372549,-1156.1968983116485,16,0,322.0,1036.8,1296.0,1
7.458170831527758,0.9707022935599187,23773.071035294117,-410.88966870094265,16,322.0,644.0,0,259.2,0
13.121635610766049,0.9768754749202196,23272.4603372549,-354.1005824167072,16,322.0,644.0,259.2,518.4,1
18.599162212913477,0.977375399804749,23290.045470588233,-905.6978527605894,16,322.0,644.0,518.4,777.5999999999999,1
16.673142664548127,0.9787365516582266,27053.68019215686,-1101.2704906121194,16,322.0,644.0,777.5999999999999,1036.8,1
8.13404398187007,0.9751397169889138,24419.53914509804,-346.7876847592956,16,322.0,644.0,1036.8,1296.0,0
6.57106745630507,0.9665108284381615,26393.56076862745,-123.72061896611913,16,644.0,966.0,0,259.2,0
12.471471905243392,0.964818986209001,24531.80809411765,-308.4423465421191,16,644.0,966.0,259.2,518.4,0
20.840134334825944,0.9689852208029106,24021.996321568622,-654.0112150251776,16,644.0,966.0,518.4,777.5999999999999,0
13.436552072800808,0.9764468608760426,27280.277192156856,-320.56590773506025,16,644.0,966.0,777.5999999999999,1036.8,0
7.290990191611308,0.9781443483042896,24931.4264,-159.17396025929563,16,644.0,966.0,1036.8,1296.0,0
5.941475275651211,0.9633167003471317,24131.02569803921,-315.70679302247214,17,0,322.0,0,259.2,0
11.447505898213684,0.9558097818146768,24336.47688235294,-376.21262293353095,17,0,322.0,259.2,518.4,0
17.383576484183163,0.9880686449627947,25433.949529411766,-2169.525272483531,17,0,322.0,518.4,777.5999999999999,1
15.511856613221632,0.9875487323058908,28195.096925490197,-2911.881287064942,17,0,322.0,777.5999999999999,1036.8,1
8.598527542626922,0.9888683923022772,23665.876309803916,-1127.3587577262365,17,0,322.0,1036.8,1296.0,1
6.272569695218835,0.9751883860715629,23816.40648627451,-254.14472745153088,17,322.0,644.0,0,259.2,0
10.565662766623333,0.9626852382975367,24739.712835294118,-111.19975812129564,17,322.0,644.0,259.2,518.4,0
38.16040733785931,0.9850493801211417,28083.668047058825,-1530.0838647463543,17,322.0,644.0,518.4,777.5999999999999,1
32.47580528672541,0.98751085205147,31335.26050588235,-2104.2529234427075,17,322.0,644.0,777.5999999999999,1036.8,1
12.540732391664067,0.9915802333676215,25157.61945490196,-784.4816213020015,17,322.0,644.0,1036.8,1296.0,1
7.060282151283163,0.9754559931878889,22370.098419607843,-501.4492253951779,17,644.0,966.0,0,259.2,1
11.44140305262651,0.9737060419473414,24270.785525490195,-667.1264103085896,17,644.0,966.0,259.2,518.4,1
21.67375656025808,0.97837882557091,24676.80156470588,-1049.4277311591777,17,644.0,966.0,518.4,777.5999999999999,0
24.41470460782898,0.9742313111181726,30096.031278431376,-248.12170779670743,17,644.0,966.0,777.5999999999999,1036.8,0
7.061416340919446,0.9895199032604342,25620.129462745095,-109.60625274247191,17,644.0,966.0,1036.8,1296.0,0
6.227671048196832,0.9818209337310718,22359.181317647057,-440.82818935200146,18,0,322.0,0,259.2,1
16.11476238624874,0.9781381700829904,24993.51035294117,-1956.587732774119,18,0,322.0,259.2,518.4,1
21.812593288073572,0.9751089244127451,26698.05049803921,-701.6494890022368,18,0,322.0,518.4,777.5999999999999,1
25.340254706533777,0.9787444127809962,29985.869949019598,-437.94588266341333,18,0,322.0,777.5999999999999,1036.8,0
7.528070217511211,0.988745503048266,22874.429909803923,-488.73348314929547,18,0,322.0,1036.8,1296.0,0
6.19025952140209,0.9742123218507853,23427.63340784314,-275.02718476388384,18,322.0,644.0,0,259.2,0
13.780839231547018,0.9738650418164745,23415.980364705883,-236.16072722011907,18,322.0,644.0,259.2,518.4,0
31.496810149742405,0.9769254245021737,27046.507384313718,-547.2926524354132,18,322.0,644.0,518.4,777.5999999999999,1
23.297932014059416,0.9752808771124352,29013.269666666667,-299.4228907594133,18,322.0,644.0,777.5999999999999,1036.8,1
5.879061848005947,0.9856793543790682,23808.049988235292,-221.45525663635436,18,322.0,644.0,1036.8,1296.0,0
6.224071934132602,0.973660858718305,22054.898490196076,-502.9716690476484,18,644.0,966.0,0,259.2,0
12.787230969232994,0.9779390758069505,22189.223098039216,-159.8565835094131,18,644.0,966.0,259.2,518.4,0
12.243006403774856,0.9818696921064579,24917.11405490196,-427.3738358291777,18,644.0,966.0,518.4,777.5999999999999,0
13.702778179016805,0.9844579110013705,27232.86894117647,-791.7353008541188,18,644.0,966.0,777.5999999999999,1036.8,1
7.976402311806038,0.9802007687638867,24795.069780392147,-155.32586010800142,18,644.0,966.0,1036.8,1296.0,0
6.402282247580529,0.9644701624779056,22898.982486274504,-373.9160371409427,19,0,322.0,0,259.2,0
11.434469642255285,0.9613553652548709,25651.154960784308,-274.92812902411913,19,0,322.0,259.2,518.4,0
23.819972073763786,0.9784662905301661,24105.453870588233,-402.09201163988365,19,0,322.0,518.4,777.5999999999999,0
15.785100390004335,0.9757202094064787,25365.611219607843,-601.1208334549426,19,0,322.0,777.5999999999999,1036.8,0
6.758099714621453,0.9770930317634612,23502.434784313722,-643.8730753988249,19,0,322.0,1036.8,1296.0,0
5.645866435552987,0.967647959081843,23697.46857254902,-210.1467519108252,19,322.0,644.0,0,259.2,0
13.246593480668302,0.9734584240397228,25964.07877647059,-50.63040333364854,19,322.0,644.0,259.2,518.4,0
19.987505416726858,0.9722692393899882,25446.2266,-39.30897829423664,19,322.0,644.0,518.4,777.5999999999999,0
26.729645144205307,0.9797369360941708,29243.48895686274,-412.0847977350603,19,322.0,644.0,777.5999999999999,1036.8,0
7.886364181395237,0.982237747921734,23828.574635294117,-355.5627312710602,19,322.0,644.0,1036.8,1296.0,0
8.041227309933074,0.9781684147064197,23443.589188235295,-761.3176518965897,19,644.0,966.0,0,259.2,1
12.79994222158024,0.9746935017498749,24496.330341176472,-121.61353111047211,19,644.0,966.0,259.2,518.4,0
20.254850979825704,0.9783454517882805,25072.73204313725,-455.3689259337661,19,644.0,966.0,518.4,777.5999999999999,0
19.395096056622855,0.9838003279105508,29605.51775686274,75.75180029223377,19,644.0,966.0,777.5999999999999,1036.8,0
11.30609846758915,0.9886746101818581,24089.750674509796,-22.294001604001316,19,644.0,966.0,1036.8,1296.0,0
6.038530983677598,0.9799756202326056,21231.365835294113,-317.2195464395307,20,0,322.0,0,259.2,0
10.640184890943233,0.9705141895960074,22443.394729411764,-221.89347061553084,20,0,322.0,259.2,518.4,0
15.618205017092786,0.9697599650763253,25399.626486274512,38.39271270141023,20,0,322.0,518.4,777.5999999999999,0
32.126053252443555,0.9672541261809037,27079.642129411764,-1359.4205153671778,20,0,322.0,777.5999999999999,1036.8,1
11.20712726923907,0.9799385944296298,22479.310599999997,-1430.0300307342366,20,0,322.0,1036.8,1296.0,1
7.887115412393471,0.9736073721014707,21188.694274509802,-270.1637632800013,20,322.0,644.0,0,259.2,0
16.952031874428236,0.9753033685840482,24153.18661960784,111.41186660752795,20,322.0,644.0,259.2,518.4,0
36.37034763349223,0.965474260336494,27336.784690196073,168.816821186822,20,322.0,644.0,518.4,777.5999999999999,1
58.276818816505376,0.9779408429337365,29470.02419215686,333.3580951714101,20,322.0,644.0,777.5999999999999,1036.8,0
10.131322094055012,0.9725958915320265,25272.07899215686,-112.82556428482498,20,322.0,644.0,1036.8,1296.0,0
9.0263614040156,0.966336722200765,21510.45398823529,-198.26329321753087,20,644.0,966.0,0,259.2,0
10.505922288025422,0.959136949368278,22570.086741176474,-219.90051219917794,20,644.0,966.0,259.2,518.4,0
19.48532668881506,0.973475368634981,23402.539525490196,-12.723279095648417,20,644.0,966.0,518.4,777.5999999999999,0
43.07186190957678,0.9792920438221936,31127.283258823525,563.3116882638807,20,644.0,966.0,777.5999999999999,1036.8,0
12.065085493656921,0.9694595028642518,26282.61467058823,27.40936920858673,20,644.0,966.0,1036.8,1296.0,0
6.9404882276469735,0.9691821891959215,21177.01736470588,-190.40666568423669,21,0,322.0,0,259.2,1
18.186022437286343,0.9787686481457436,22316.301439215687,-1634.8945276528248,21,0,322.0,259.2,518.4,1
19.18170109297511,0.9640836637795653,24632.293682352938,-88.23174680976615,21,0,322.0,518.4,777.5999999999999,1
32.57956569887814,0.9830055337912613,28399.176835294114,-1672.791961655413,21,0,322.0,777.5999999999999,1036.8,1
14.395668960886352,0.9802084287966921,23132.335694117646,-916.099782128707,21,0,322.0,1036.8,1296.0,1
7.628906061919206,0.9609889030493358,21054.338690196077,-81.2020193649426,21,322.0,644.0,0,259.2,0
11.849764071452647,0.9587004514333972,21213.55141960784,-2.235214301648431,21,322.0,644.0,259.2,518.4,0
28.524158601762245,0.9617370792862996,27071.49208627451,108.65337959364558,21,322.0,644.0,518.4,777.5999999999999,0
39.96184216861669,0.9751281670335495,27055.44935294117,-1586.9967707052954,21,322.0,644.0,777.5999999999999,1036.8,1
14.934650711048228,0.9817061648934772,24127.52598823529,-515.112457325766,21,322.0,644.0,1036.8,1296.0,1
5.922564880350523,0.9642335766316743,22300.51277254902,-336.90902810341333,21,644.0,966.0,0,259.2,0
7.441740093408445,0.9719048732641429,19944.449815686276,-84.70234773423654,21,644.0,966.0,259.2,518.4,0
25.679101064085902,0.9753672664778259,28202.211976470586,417.49625586611614,21,644.0,966.0,518.4,777.5999999999999,0
22.228778467908906,0.9824843554791327,26392.564741176473,-441.12858664976613,21,644.0,966.0,777.5999999999999,1036.8,1
12.095625794383558,0.9822661471979096,23852.668599999994,-579.0873915142367,21,644.0,966.0,1036.8,1296.0,1
9.984736867446676,0.9714358886882244,23269.59691372549,-291.13666278953093,22,0,322.0,0,259.2,0
7.691463238480427,0.963265560202301,21230.925043137257,-45.628088475530895,22,0,322.0,259.2,518.4,0
34.90495449949445,0.9731177982417263,28796.315576470588,-610.3297871745896,22,0,322.0,518.4,777.5999999999999,1
16.03198276277144,0.9683514165180759,27102.508643137255,-836.7970489044719,22,0,322.0,777.5999999999999,1036.8,0
14.878366387683156,0.977991850826064,24950.66623137255,-442.46368575094255,22,0,322.0,1036.8,1296.0,1
6.975167316673889,0.9728929721111221,22043.93759215686,-198.08779228729557,22,322.0,644.0,0,259.2,0
12.195856805816364,0.9841585556835143,22980.28625490196,-609.8226648547075,22,322.0,644.0,259.2,518.4,1
31.55056815446098,0.9774740707413485,27181.660988235293,-567.0898033816484,22,322.0,644.0,518.4,777.5999999999999,1
20.846802927439935,0.9705755855007822,28803.632807843136,-868.2644733649424,22,322.0,644.0,777.5999999999999,1036.8,1
34.81159020600014,0.9838352665236177,27726.43247843137,-1409.9141787122364,22,322.0,644.0,1036.8,1296.0,1
7.140943232702586,0.9702582610917417,22043.608737254897,-243.59529116658973,22,644.0,966.0,0,259.2,0
8.553926525109539,0.9666631993239237,21810.456180392153,-132.96941032023673,22,644.0,966.0,259.2,518.4,0
25.528672540806014,0.969223556935928,27117.407199999994,-103.60799702258967,22,644.0,966.0,518.4,777.5999999999999,1
21.201357792864368,0.9828233366517003,26490.045023529412,-2263.814493118472,22,644.0,966.0,777.5999999999999,1036.8,1
17.63312069833809,0.9853278812765944,24034.416827450976,-1786.4411959502368,22,644.0,966.0,1036.8,1296.0,1
6.436985410949012,0.9761510731566279,22396.409435294114,-414.890659233178,23,0,322.0,0,259.2,1
15.375222687659496,0.9759531433879932,23693.972043137255,-1019.1252883337662,23,0,322.0,259.2,518.4,1
26.100847416823154,0.9776954016396067,28028.6016117647,-1945.5333275549426,23,0,322.0,518.4,777.5999999999999,1
27.857841013048294,0.9690547460942093,28591.07617254902,-375.4987755915309,23,0,322.0,777.5999999999999,1036.8,1
19.246240917048368,0.9866104052251927,25625.07865882353,-175.86054563835427,23,0,322.0,1036.8,1296.0,1
8.102123356926189,0.9699315618234021,22164.16312941177,-207.53684850658968,23,322.0,644.0,0,259.2,0
21.74629255139872,0.9792043890761273,23502.248658823526,-1881.3958127501194,23,322.0,644.0,259.2,518.4,1
35.589725071019316,0.9641949890664381,26725.162117647054,167.0811923552927,23,322.0,644.0,518.4,777.5999999999999,1
27.86086234291492,0.9579146889086688,28934.93752941176,202.8381610247044,23,322.0,644.0,777.5999999999999,1036.8,0
17.264706587687954,0.983971674447433,25124.624996078426,-1587.6933909621189,23,322.0,644.0,1036.8,1296.0,1
8.767815012759401,0.9793190457369594,22647.61624705882,-247.41216722600146,23,644.0,966.0,0,259.2,0
8.131710722711734,0.9709878512771702,23059.403925490195,-148.07002717023684,23,644.0,966.0,259.2,518.4,0
16.18237517453898,0.97170426306538,24969.62875294117,146.82214018776327,23,644.0,966.0,518.4,777.5999999999999,0
19.777986422071358,0.9631592873621196,26412.67513333333,18.134737226704477,23,644.0,966.0,777.5999999999999,1036.8,0
21.33292165279743,0.9810776810143771,25715.888423529417,-78.1722057595308,23,644.0,966.0,1036.8,1296.0,0
6.263987192450286,0.9761737536824047,21718.596992156858,-191.4995089001191,24,0,322.0,0,259.2,0
13.79901535942992,0.973489692098472,23088.29660784314,-129.3161915700014,24,0,322.0,259.2,518.4,0
36.556309884924644,0.9706244741474662,26513.53322352941,231.1056544136456,24,0,322.0,518.4,777.5999999999999,0
34.65691655833213,0.9631387685462128,26628.241066666662,-1465.2238890569424,24,0,322.0,777.5999999999999,1036.8,0
12.219921341039353,0.9797481509282808,23233.37599607843,-752.3035795780014,24,0,322.0,1036.8,1296.0,0
6.659841590832491,0.9632400906523363,22928.337764705877,-178.72024177764865,24,322.0,644.0,0,259.2,0
15.092036207809718,0.9663626864283091,22422.029619607838,-98.21484266953084,24,322.0,644.0,259.2,518.4,0
32.669266695555876,0.9705482485280187,26139.902294117644,-1682.2840855876482,24,322.0,644.0,518.4,777.5999999999999,1
32.477430304781166,0.9704995975208738,28237.266941176465,-575.6107503870602,24,322.0,644.0,777.5999999999999,1036.8,1
15.099378881987578,0.977883275731198,23105.648250980394,-349.91655410447186,24,322.0,644.0,1036.8,1296.0,0
8.417148153498001,0.9831397547595695,23235.549827450977,-630.6599010684721,24,644.0,966.0,0,259.2,1
16.05485338725986,0.9634758327584027,22237.746517647065,-349.19947668400135,24,644.0,966.0,259.2,518.4,0
23.868156868409653,0.9715627236601688,27668.57984705882,-1226.6793639255309,24,644.0,966.0,518.4,777.5999999999999,1
32.920915787953206,0.9709374005254935,28079.706192156853,-2018.0636629191774,24,644.0,966.0,777.5999999999999,1036.8,1
12.8845895585026,0.9850463696071371,23027.072494117645,-613.9065607343541,24,644.0,966.0,1036.8,1296.0,0
5.359875294910684,0.9850616520273827,25031.36747058823,-360.3852384276486,25,0,322.0,0,259.2,1
14.372261543646784,0.9707843173517332,24333.63736470588,-682.7782938842367,25,0,322.0,259.2,518.4,1
39.51131494053638,0.9741082056342528,26991.55774117647,343.30135339670437,25,0,322.0,518.4,777.5999999999999,0
41.56455534691126,0.973268726552319,29580.06585098039,-97.134919767531,25,0,322.0,777.5999999999999,1036.8,1
20.31223770354205,0.9804314882165435,23974.667152941172,-1604.1129565209424,25,0,322.0,1036.8,1296.0,1
4.946470701526313,0.9738681052416265,23554.289572549023,73.38415277329253,25,322.0,644.0,0,259.2,0
19.045681063122927,0.9583202623483137,23957.7173372549,-43.80309413964853,25,322.0,644.0,259.2,518.4,0
24.991321199865187,0.9740948203366105,23359.982674509807,178.31540527599864,25,322.0,644.0,518.4,777.5999999999999,0
34.48553132071838,0.9715739252367174,29500.540870588236,-38.982740368707425,25,322.0,644.0,777.5999999999999,1036.8,1
30.292764814503943,0.9713033380017488,26828.18830980392,-357.39418576388385,25,322.0,644.0,1036.8,1296.0,1
7.207051374644903,0.9582923038551031,21999.3370745098,-167.90163228682502,25,644.0,966.0,0,259.2,0
17.200539265251095,0.9740994583643738,24833.4047372549,118.66877623811604,25,644.0,966.0,259.2,518.4,0
26.23659059174732,0.9791038991517863,26770.212525490195,-958.7540450256485,25,644.0,966.0,518.4,777.5999999999999,1
20.544742163801825,0.9872286864424584,28830.93002352941,-2863.5593131449423,25,644.0,966.0,777.5999999999999,1036.8,1
30.2291901484448,0.9834303382186633,29208.24136862745,134.44986295258664,25,644.0,966.0,1036.8,1296.0,1
10.358900284077231,0.9816778637645176,24400.235890196072,-318.1584225816486,26,0,322.0,0,259.2,1
12.180533487409122,0.9756022866896636,23145.38449019607,-224.5281379547073,26,0,322.0,259.2,518.4,0
16.473903413741635,0.9749824798119373,25296.411066666667,-3.128869345177815,26,0,322.0,518.4,777.5999999999999,0
36.02905773027108,0.980664719779846,27646.336258823525,-1180.2254520543547,26,0,322.0,777.5999999999999,1036.8,0
14.770042447061078,0.9796071818103732,21640.54308627451,-1368.154647551648,26,0,322.0,1036.8,1296.0,1
6.956497664788868,0.9719464276460467,24020.505039215685,-103.96007557588392,26,322.0,644.0,0,259.2,1
26.274038230054412,0.9769229549108758,23729.404933333328,-2072.562623567766,26,322.0,644.0,259.2,518.4,1
26.161960132890368,0.9658928722838384,26879.336670588236,151.73508954152803,26,322.0,644.0,518.4,777.5999999999999,1
27.10821416534258,0.9671526290973081,28093.592576470586,-511.38710015635434,26,322.0,644.0,777.5999999999999,1036.8,1
18.65047123432217,0.9738719892573721,22765.75105882353,-1677.4443513458837,26,322.0,644.0,1036.8,1296.0,1
7.597765901102605,0.9847489664338837,23791.994105882357,-649.1714807834134,26,644.0,966.0,0,259.2,1
11.870841157494347,0.9731383179649947,23455.958176470584,-475.0422572052956,26,644.0,966.0,259.2,518.4,1
18.09041118975396,0.9684500483517546,24631.6237372549,-29.844848375413125,26,644.0,966.0,518.4,777.5999999999999,0
26.949443882709815,0.9726221207147975,27658.178823529404,-1089.39779884706,26,644.0,966.0,777.5999999999999,1036.8,0
12.167965658648889,0.9800136678285423,21923.355639215682,-653.3630459454129,26,644.0,966.0,1036.8,1296.0,0
6.193509557513602,0.9739577383750299,22428.39612941176,-203.2785283895309,27,0,322.0,0,259.2,0
15.005753767634458,0.9648666377461661,23422.556525490196,-324.108227124472,27,0,322.0,259.2,518.4,1
20.78631614425346,0.9688729247157479,26079.618862745097,-235.39735200823665,27,0,322.0,518.4,777.5999999999999,1
41.867037411526795,0.9775366719130689,30789.516698039213,-2446.7133797442366,27,0,322.0,777.5999999999999,1036.8,1
19.35299407659656,0.9817958651341595,24690.749023529406,-2010.7486118761187,27,0,322.0,1036.8,1296.0,1
6.582514805720065,0.9682846546065146,22701.785294117646,-152.62120773529563,27,322.0,644.0,0,259.2,0
18.60959843998267,0.9532940180728138,23080.934396078428,-447.6167376043544,27,322.0,644.0,259.2,518.4,1
25.113570706341186,0.9567520515615421,25038.96520392157,93.21898796835154,27,322.0,644.0,518.4,777.5999999999999,0
21.96145697915162,0.9756968152957202,26175.28694117647,-1510.5031290576478,27,322.0,644.0,777.5999999999999,1036.8,1
22.734358138084847,0.9826069756944154,25532.58583137254,-2427.2973780575303,27,322.0,644.0,1036.8,1296.0,1
8.130880157927681,0.9753412249003739,22954.364662745098,-105.78183983329558,27,644.0,966.0,0,259.2,0
14.109333622225435,0.9508957811072933,23727.921945098038,-155.2677186955309,27,644.0,966.0,259.2,518.4,0
26.143603447445713,0.9746568403616948,25803.355219607838,24.911441857998547,27,644.0,966.0,518.4,777.5999999999999,0
32.42775290095816,0.974237519766158,27630.101858823527,-2410.071369573884,27,644.0,966.0,777.5999999999999,1036.8,1
18.50516798964004,0.980189355250136,24822.01528235294,-3476.782173936354,27,644.0,966.0,1036.8,1296.0,1
5.499301844094564,0.9767631393612562,22429.316886274508,-249.2953029743544,28,0,322.0,0,259.2,0
9.309872887476528,0.9681183594883216,22528.046603921564,-250.15019707623674,28,0,322.0,259.2,518.4,0
20.0705378207906,0.9722548464667303,26533.72031372548,139.28098365176325,28,0,322.0,518.4,777.5999999999999,0
22.58359815109057,0.9854650382662388,26587.404835294117,-3139.4844597236474,28,0,322.0,777.5999999999999,1036.8,1
23.62117796589846,0.9857474283240595,25957.00519607843,-4345.5053184441185,28,0,322.0,1036.8,1296.0,1
10.37979681255718,0.9886821713123074,23826.24820784313,-805.6235615848249,28,322.0,644.0,0,259.2,1
27.95744860128076,0.9778303550007383,25379.095898039213,-2795.570468110354,28,322.0,644.0,259.2,518.4,1
26.242765660359193,0.9799819240745647,25471.492258823524,4.20125539741035,28,322.0,644.0,518.4,777.5999999999999,1
20.849860368818916,0.9850758911526232,26078.093152941172,-2727.631150945648,28,322.0,644.0,777.5999999999999,1036.8,1
18.746372814695796,0.987788439638696,25912.265192156854,-1971.8035557562368,28,322.0,644.0,1036.8,1296.0,1
8.982534065193317,0.9746129113069908,23333.895517647055,-474.51037095047207,28,644.0,966.0,0,259.2,1
14.226816409071212,0.973126217521227,22774.14230588235,-741.4365189101189,28,644.0,966.0,259.2,518.4,1
27.508811209013437,0.9800555852897223,25779.10752941176,-1630.8235520870603,28,644.0,966.0,518.4,777.5999999999999,1
41.67857142857144,0.9787898605404124,29668.565682352935,-4464.212855623882,28,644.0,966.0,777.5999999999999,1036.8,1
17.970466917671885,0.9896551717079206,28841.278247058817,-3587.99162229306,28,644.0,966.0,1036.8,1296.0,1
7.302662622177284,0.9709776259712974,21154.0597490196,-182.42191170494263,29,0,322.0,0,259.2,0
10.97100245558284,0.9685004600258,22499.611635294117,-134.30773949988378,29,0,322.0,259.2,518.4,0
20.09969184842795,0.9664332835243994,26500.707364705882,121.99575706282214,29,0,322.0,518.4,777.5999999999999,0
34.324991573980455,0.976659802465122,28019.27590588235,-129.40555707435445,29,0,322.0,777.5999999999999,1036.8,1
10.62511091393079,0.965208065524347,23916.38809411764,-431.9390134009427,29,0,322.0,1036.8,1296.0,0
6.346766815927584,0.9723285546773344,21408.163952941173,-60.92358672658965,29,322.0,644.0,0,259.2,0
12.462492175838994,0.9689306475395538,22700.248439215688,55.88466431246915,29,322.0,644.0,259.2,518.4,0
24.555395059945113,0.9749835917163984,25240.129262745097,377.7835177630574,29,322.0,644.0,518.4,777.5999999999999,0
35.618277240117486,0.9779936041696315,26043.95210588235,-862.0013512104719,29,322.0,644.0,777.5999999999999,1036.8,0
12.343629343629345,0.9802995085327838,22990.877894117646,-379.3716396777659,29,322.0,644.0,1036.8,1296.0,0
5.524387308007126,0.9709485184208845,20670.822882352935,-128.8855144405896,29,644.0,966.0,0,259.2,0
8.79865424430642,0.9617014151851673,22415.90696470588,-27.29200969082504,29,644.0,966.0,259.2,518.4,0
20.492970292262505,0.968529940750454,26054.337556862745,132.1414335389397,29,644.0,966.0,518.4,777.5999999999999,0
19.355060426597333,0.9660538795065563,29097.345545098033,-415.1964399950603,29,644.0,966.0,777.5999999999999,1036.8,1
12.09894721695964,0.9840472639177947,25384.322156862745,-1221.4541736529427,29,644.0,966.0,1036.8,1296.0,1
5.925923250999086,0.9823659784178408,23506.97680392157,-545.2964639405899,30,0,322.0,0,259.2,1
13.750650007222303,0.9798656708431218,23196.08291764706,-744.330669219766,30,0,322.0,259.2,518.4,1
19.549039433771487,0.9882113582012186,27713.564952941175,-3001.7646806660014,30,0,322.0,518.4,777.5999999999999,1
15.617699455919881,0.9920647148800572,24945.38269411764,-3178.3982917516482,30,0,322.0,777.5999999999999,1036.8,1
8.334564378042638,0.9874209223933752,22641.98579607843,-506.7928518783541,30,0,322.0,1036.8,1296.0,0
5.630097741826761,0.9759954391507445,23083.61985098039,-272.8619554957662,30,322.0,644.0,0,259.2,0
15.007041744908278,0.9860821576901736,24015.815952941175,-571.2544512230603,30,322.0,644.0,259.2,518.4,1
16.75045741248977,0.9939166278309729,28889.068494117648,-5782.613527800236,30,322.0,644.0,518.4,777.5999999999999,1
16.621093938080794,0.9926605631578747,26347.12250980392,-3962.7894708564713,30,322.0,644.0,777.5999999999999,1036.8,1
12.033621909398308,0.9845728728325517,23152.826003921564,-198.12547653611895,30,322.0,644.0,1036.8,1296.0,0
5.942257691752131,0.9746377872696481,21899.512576470588,-361.5114591210602,30,644.0,966.0,0,259.2,0
9.912453656892483,0.9596980301178162,23846.04832549019,-130.2033864565898,30,644.0,966.0,259.2,518.4,0
38.82026096586259,0.9759490298932355,28083.159176470588,-891.0386799682368,30,644.0,966.0,518.4,777.5999999999999,1
28.73338870431894,0.9753773801918735,28911.92261568627,-2670.888362452825,30,644.0,966.0,777.5999999999999,1036.8,1
10.165735389337872,0.9910208387695189,23803.77687843137,-800.4048314691776,30,644.0,966.0,1036.8,1296.0,1
5.083405556358033,0.9734394484600833,21897.56789411765,-252.1603825777662,31,0,322.0,0,259.2,0
8.492994366604075,0.9629526857144378,23396.765329411766,-182.1301279497662,31,0,322.0,259.2,518.4,0
12.775747508305649,0.9752498934822257,25510.54885098039,-558.2770726210601,31,0,322.0,518.4,777.5999999999999,1
18.99995185131687,0.9793617526422425,25332.35737254902,-2704.6416057776487,31,0,322.0,777.5999999999999,1036.8,1
14.171934578766876,0.9880130948686399,23930.71972156863,-2290.843789760354,31,0,322.0,1036.8,1296.0,1
7.578458279166066,0.9779079579784111,22614.86185098039,-220.4593157745897,31,322.0,644.0,0,259.2,0
22.679016803890416,0.9815675477594976,25180.080725490192,231.5374082358809,31,322.0,644.0,259.2,518.4,1
22.703777264191828,0.9798552289794109,26023.25228235294,-1124.752084400472,31,322.0,644.0,518.4,777.5999999999999,1
18.14888776541962,0.974470882799657,25708.357505882355,-1018.3059250950602,31,322.0,644.0,777.5999999999999,1036.8,0
6.441353509676492,0.991061618992682,22074.79756470588,-359.8490454015305,31,322.0,644.0,1036.8,1296.0,0
6.322873031922578,0.9652262882773981,22532.14397647059,-297.62158366564853,31,644.0,966.0,0,259.2,0
8.554528383648709,0.9748335160405796,24055.76881568627,-972.3655957007073,31,644.0,966.0,259.2,518.4,1
20.095912176801967,0.9782324413279141,24942.070239215678,-2720.213814084354,31,644.0,966.0,518.4,777.5999999999999,1
15.142146949780926,0.9841602205784581,23341.4556745098,-1695.824574536354,31,644.0,966.0,777.5999999999999,1036.8,0
11.822861459507422,0.9883832619991231,26001.819301960782,-204.79343519223676,31,644.0,966.0,1036.8,1296.0,0
5.3881385719100585,0.9711946626002658,22900.15242352941,-146.39146305835453,32,0,322.0,0,259.2,0
11.432170542635662,0.9628954696737362,23512.566435294117,-143.89245901494272,32,0,322.0,259.2,518.4,0
14.149477586788002,0.9734335555391035,24802.443909803922,-1093.953286183413,32,0,322.0,518.4,777.5999999999999,1
24.51198902210025,0.9829016115180397,27007.320541176465,-3435.6988058689426,32,0,322.0,777.5999999999999,1036.8,1
10.402971294275641,0.9865715000474515,24130.939666666665,-303.24515028294263,32,0,322.0,1036.8,1296.0,0
5.788157831383312,0.980631021811201,23631.103780392154,-214.9854094597663,32,322.0,644.0,0,259.2,0
12.605854879869037,0.9816290310140277,24728.418615686274,-476.63145581282504,32,322.0,644.0,259.2,518.4,1
32.432134431123316,0.9816256744748959,27438.186517647056,-1537.43767673106,32,322.0,644.0,518.4,777.5999999999999,1
27.900693341037126,0.9757251466550285,27034.052007843136,-215.3665587192956,32,322.0,644.0,777.5999999999999,1036.8,1
9.024964627449101,0.9798202892867838,23752.346168627446,-170.95620982717793,32,322.0,644.0,1036.8,1296.0,0
7.424900091482498,0.983584374568974,20831.189639215685,-636.5774048265895,32,644.0,966.0,0,259.2,1
12.2059680292744,0.9651604540628143,23164.329094117646,-252.63197403447205,32,644.0,966.0,259.2,518.4,1
16.086607443786416,0.9792263196569202,26379.86765098039,-1761.7633964349425,32,644.0,966.0,518.4,777.5999999999999,1
18.492669362992928,0.9823822898944438,26392.207380392156,-3151.7878286181185,32,644.0,966.0,777.5999999999999,1036.8,1
8.341566944051415,0.9731374073095724,22599.19644313725,-267.7078269495308,32,644.0,966.0,1036.8,1296.0,0
5.555310799749627,0.9829460005465204,21737.735898039213,-260.6048843927073,33,0,322.0,0,259.2,0
11.965417208339353,0.9803194311955198,23941.3332745098,-45.38798597588387,33,0,322.0,259.2,518.4,1
15.539084693533633,0.98129501278796,25760.344211764703,-1509.3101534091782,33,0,322.0,518.4,777.5999999999999,1
22.360429004766722,0.9801999555452908,26619.462313725486,-2961.411310332943,33,0,322.0,777.5999999999999,1036.8,1
12.718158708841939,0.985212337820145,23611.97431372549,-1051.2290382529425,33,0,322.0,1036.8,1296.0,1
7.076423997303674,0.982281925757294,21371.340870588232,-130.50163036870728,33,322.0,644.0,0,259.2,0
9.71042178246425,0.9727501775877968,24190.975611764705,85.63691710505734,33,322.0,644.0,259.2,518.4,0
22.52425489912851,0.9791542617704825,25332.66519607843,118.57079719117509,33,322.0,644.0,518.4,777.5999999999999,0
22.412477731234052,0.9702512559495357,28983.148580392153,-1191.2787805807075,33,322.0,644.0,777.5999999999999,1036.8,1
20.245641382287346,0.9815428381816023,25734.54001960784,-2379.1842825452954,33,322.0,644.0,1036.8,1296.0,1
8.431159420289855,0.9705973492966751,21997.429239215686,-387.0581497449426,33,644.0,966.0,0,259.2,0
11.553745967547789,0.9663559387072285,22266.80608627451,-281.76620514635437,33,644.0,966.0,259.2,518.4,0
21.166666666666668,0.9772057090093127,24758.326349019608,-2089.3622616932957,33,644.0,966.0,518.4,777.5999999999999,1
32.48897395156243,0.9765484546960677,28730.632658823524,-2661.0936878371776,33,644.0,966.0,777.5999999999999,1036.8,1
9.116621501714672,0.9852738382630323,24173.018627450976,-56.25720002941308,33,644.0,966.0,1036.8,1296.0,0
5.6734797053300605,0.9768270729522647,21041.31431764706,-233.6132719996484,34,0,322.0,0,259.2,0
13.997315710915307,0.9736808886973365,23956.267615686273,-461.43393660870726,34,0,322.0,259.2,518.4,1
17.48007848235351,0.9733364370575084,25039.457407843136,-515.947970956825,34,0,322.0,518.4,777.5999999999999,0
16.762193654003564,0.9796380481847986,24488.542305882347,-2240.1929292630603,34,0,322.0,777.5999999999999,1036.8,0
5.8199836926545006,0.9800102137621293,20299.2382745098,-562.5504664376482,34,0,322.0,1036.8,1296.0,0
5.991947132745919,0.9721207633148796,22448.32589019608,-117.73205348164866,34,322.0,644.0,0,259.2,0
15.277396600702973,0.9795235212616179,24513.59004313725,-738.7221763020015,34,322.0,644.0,259.2,518.4,1
25.739888776541967,0.975739410998057,28294.26167843137,213.46081242164558,34,322.0,644.0,518.4,777.5999999999999,1
26.156085993548082,0.9832243840210048,26579.863188235293,-1201.6957836483543,34,322.0,644.0,777.5999999999999,1036.8,0
7.008837142377515,0.9831039023994792,21710.950576470586,-254.7788995245895,34,322.0,644.0,1036.8,1296.0,0
5.606444701237422,0.9709437351761224,22891.521619607844,-94.53255321306044,34,644.0,966.0,0,259.2,0
16.763674226009922,0.9768205015656564,25533.25944313726,14.391076279292589,34,644.0,966.0,259.2,518.4,0
21.387500601858545,0.9759305863665718,26467.5540745098,-1063.930783492119,34,644.0,966.0,518.4,777.5999999999999,1
20.998013866820745,0.9759032566395779,27616.6166,-3356.976410076589,34,644.0,966.0,777.5999999999999,1036.8,1
8.100577951509628,0.9864165723945624,21661.43829803921,-193.39341157670714,34,644.0,966.0,1036.8,1296.0,0
6.55525061389571,0.9679187752325524,22349.212854901954,-420.33441814894263,35,0,322.0,0,259.2,1
14.093131590351003,0.9803635238803619,24500.333752941176,-822.5513261563544,35,0,322.0,259.2,518.4,1
26.685914102749294,0.9777686232046546,29076.703835294113,-712.7641890195309,35,0,322.0,518.4,777.5999999999999,1
14.417713900524824,0.9837993447705338,25236.000556862746,-1808.0536509969422,35,0,322.0,777.5999999999999,1036.8,1
7.047051488045277,0.9869488414738365,19858.63692549019,-749.9897667002364,35,0,322.0,1036.8,1296.0,1
9.607624343974194,0.9785975200889614,23343.677984313723,-740.0949596520014,35,322.0,644.0,0,259.2,1
14.020114112379028,0.9691506391273931,23553.467890196076,-181.07389228988382,35,322.0,644.0,259.2,518.4,1
19.69992536954115,0.9644519777182008,27494.782984313722,-291.4639774078838,35,322.0,644.0,518.4,777.5999999999999,1
25.527625306947858,0.9849541888047729,28652.21664705882,-4833.419438354707,35,322.0,644.0,777.5999999999999,1036.8,1
13.86241876303988,0.9935893499914337,23551.89637254902,-4273.097726061766,35,322.0,644.0,1036.8,1296.0,1
11.918785208724543,0.9886090523832572,22161.97958039216,-1531.8528710554124,35,644.0,966.0,0,259.2,1
10.893747893495112,0.9750320359360766,22175.578490196072,-194.17616725941315,35,644.0,966.0,259.2,518.4,0
19.5732221098753,0.9818527564242894,25215.113968627447,-1122.3725932604718,35,644.0,966.0,518.4,777.5999999999999,1
15.074967499638886,0.977926742722635,28965.81274509804,-835.2444578529426,35,644.0,966.0,777.5999999999999,1036.8,1
8.044113767716253,0.9903264036132929,23310.804490196075,-358.36105591941293,35,644.0,966.0,1036.8,1296.0,1
5.033523520631711,0.9792941410039601,23277.67079215686,-304.9151008522368,36,0,322.0,0,259.2,0
9.529045693100294,0.9639859971312261,24018.377439215685,-147.7017982245898,36,0,322.0,259.2,518.4,0
27.733268332611107,0.9753763784034852,28680.707894117644,-1514.1520410365897,36,0,322.0,518.4,777.5999999999999,1
18.764649236843375,0.9812050534939118,26064.70313333333,-763.7811250768249,36,0,322.0,777.5999999999999,1036.8,0
10.928955130818483,0.9922891324601624,24099.292956862744,-268.30323808094244,36,0,322.0,1036.8,1296.0,0
8.080998122201358,0.9686091372116268,22344.70208235294,-276.939391218472,36,322.0,644.0,0,259.2,0
12.493764745534211,0.9726861809324006,23165.53450980392,-3.1224091882367704,36,322.0,644.0,259.2,518.4,0
23.61443738263759,0.9773811895536232,26880.17502352941,83.96804322858682,36,322.0,644.0,518.4,777.5999999999999,1
26.465260725119172,0.9791041841196898,26433.227376470582,-1325.4766974125894,36,322.0,644.0,777.5999999999999,1036.8,0
9.237871411784454,0.9898170780010251,23053.650878431374,-104.87203439741293,36,322.0,644.0,1036.8,1296.0,0
6.902727622899513,0.9711802556429431,23669.10073333333,-158.59792959870745,36,644.0,966.0,0,259.2,0
14.566986855409505,0.9748312253434462,22469.560168627446,-18.18426509658955,36,644.0,966.0,259.2,518.4,0
16.47185709470846,0.9715902413406231,24699.41310588235,-57.997135632236656,36,644.0,966.0,518.4,777.5999999999999,0
16.82671288940248,0.9819901101426558,27006.39387843137,-1005.1971899685896,36,644.0,966.0,777.5999999999999,1036.8,1
8.583755006115256,0.9861256467377538,23057.829682352938,-42.62303880506009,36,644.0,966.0,1036.8,1296.0,0
5.511555683952044,0.9705521710543008,22487.378580392153,-305.10675217482503,37,0,322.0,0,259.2,0
15.018115942028984,0.979448181870565,24511.949549019606,-657.4340215111778,37,0,322.0,259.2,518.4,1
38.703957821753576,0.9805363689229444,29331.99519215686,-1305.8152097621194,37,0,322.0,518.4,777.5999999999999,1
17.237035967066305,0.9891838844738157,29358.776337254905,-4318.849634212001,37,0,322.0,777.5999999999999,1036.8,1
10.73492170076021,0.9897409057505265,21629.93658431372,-442.05454247800117,37,0,322.0,1036.8,1296.0,1
8.737156338774133,0.9792017537792792,23222.834501960777,-529.037325612472,37,322.0,644.0,0,259.2,1
28.3721772834513,0.9791895247867382,26103.158356862743,243.04940790505725,37,322.0,644.0,259.2,518.4,0
18.541215272762294,0.9678007434718563,28856.56578431372,-860.0891447558838,37,322.0,644.0,518.4,777.5999999999999,1
27.758570465597767,0.9866915861913855,30037.582572549014,-4382.98822570965,37,322.0,644.0,777.5999999999999,1036.8,1
11.525168469267848,0.9855218634113916,23708.765047058823,-194.34413133988363,37,322.0,644.0,1036.8,1296.0,0
8.800158890654341,0.9767459321446831,22288.419129411763,-274.7655484077662,37,644.0,966.0,0,259.2,0
10.111054937647456,0.9721990516486263,23141.840235294112,-83.96050637882496,37,644.0,966.0,259.2,518.4,0
22.345226058067315,0.970904606020682,25794.93409019608,-1126.1550151495308,37,644.0,966.0,518.4,777.5999999999999,1
34.388367278154945,0.9791018673589033,28514.93997254901,-4068.2181554436474,37,644.0,966.0,777.5999999999999,1036.8,1
10.5343773231972,0.9887557781076427,23493.986184313726,-472.0985790257659,37,644.0,966.0,1036.8,1296.0,1
5.231787760604748,0.9734772254635933,23502.986317647057,-258.6786809314134,38,0,322.0,0,259.2,0
11.762518657614715,0.9807775813832942,24487.225074509803,-52.824703308001396,38,0,322.0,259.2,518.4,0
22.84837979681256,0.9706137440342177,26619.51691372549,-503.0298104601191,38,0,322.0,518.4,777.5999999999999,1
34.147034041118985,0.975577764124614,29305.785988235293,-408.41219851400166,38,0,322.0,777.5999999999999,1036.8,1
7.2116957241180835,0.98892290274829,22808.30910980392,-495.74060004482465,38,0,322.0,1036.8,1296.0,0
8.09528624392123,0.9721963557382745,23373.547670588232,-278.95819026258977,38,322.0,644.0,0,259.2,0
18.724926573258223,0.972827777659668,24518.024580392157,-159.52711550541326,38,322.0,644.0,259.2,518.4,1
22.591350089075064,0.9769400001103559,26476.827643137254,-912.6339079297661,38,322.0,644.0,518.4,777.5999999999999,1
22.92190283595744,0.9746579139201842,28951.092152941175,-438.18921524153086,38,322.0,644.0,777.5999999999999,1036.8,1
10.857430633828148,0.9865106067656643,23405.35195294117,-114.34908463011885,38,322.0,644.0,1036.8,1296.0,0
8.566192402137803,0.972042858684855,23891.324674509804,-362.00135435576624,38,644.0,966.0,0,259.2,0
14.20268188165054,0.9704989522264487,24446.95952941176,-663.931862701178,38,644.0,966.0,259.2,518.4,1
19.835391689537293,0.9794293675660912,29394.43469019607,-616.3614203720015,38,644.0,966.0,518.4,777.5999999999999,1
31.478357166931488,0.9810771877473455,31168.529670588232,179.24997464682184,38,644.0,966.0,777.5999999999999,1036.8,1
11.973512554257898,0.986948191552002,24632.022509803915,22.589015437645767,38,644.0,966.0,1036.8,1296.0,0
4.2630362559584,0.9778076772735947,23289.28304705882,-212.72327783753101,39,0,322.0,0,259.2,0
15.51645481246088,0.9728640422797643,26032.09946666667,-21.934386200942747,39,0,322.0,259.2,518.4,0
23.294381048678318,0.9636357362551227,28408.76689803921,-532.2706341615309,39,0,322.0,518.4,777.5999999999999,1
22.050580191631763,0.9767007141138827,27094.51712941176,-2122.1227942348246,39,0,322.0,777.5999999999999,1036.8,1
10.344768459675292,0.9943421655620569,26635.050725490193,-4540.419020287648,39,0,322.0,1036.8,1296.0,1
6.197168857431749,0.9699132937538056,23597.246235294115,-315.6540350741193,39,322.0,644.0,0,259.2,1
19.741923058404357,0.9820984173285519,24887.41398039216,-711.1502264770603,39,322.0,644.0,259.2,518.4,1
42.66397034041119,0.9744129905128089,27877.554572549016,-2063.555011406119,39,322.0,644.0,518.4,777.5999999999999,1
27.720918195387362,0.9733892161925307,28505.706584313724,-2579.34363182506,39,322.0,644.0,777.5999999999999,1036.8,1
9.935070385380945,0.99049429267411,25223.091709803917,-386.40136712258953,39,322.0,644.0,1036.8,1296.0,1
4.158108238239684,0.9663003722653407,23958.489490196076,-116.13208794588402,39,644.0,966.0,0,259.2,0
12.952970773749339,0.9742756539731774,24595.295721568626,-64.50143697917795,39,644.0,966.0,259.2,518.4,0
32.62805142279359,0.9796396622685932,26202.1267372549,-2442.2774053112958,39,644.0,966.0,518.4,777.5999999999999,1
18.653931339977852,0.9818499139858332,27567.518254901963,-1611.8791418570602,39,644.0,966.0,777.5999999999999,1036.8,1
8.455214753351399,0.9901516103546826,24593.657439215687,-57.47493961282483,39,644.0,966.0,1036.8,1296.0,0
7.590988973951562,0.9762213125683907,21754.150745098043,-188.5504472564719,40,0,322.0,0,259.2,0
14.049111656796189,0.9787563739260067,24975.269854901962,-1024.1491370483543,40,0,322.0,259.2,518.4,1
17.364930906639707,0.986186441667098,26016.454388235295,-2175.443852934472,40,0,322.0,518.4,777.5999999999999,1
7.597404785979104,0.9868781681209418,22722.881662745098,-385.4043495680012,40,0,322.0,777.5999999999999,1036.8,0
5.7785918127533025,0.9863779455826563,20476.510509803924,-390.9902319364718,40,0,322.0,1036.8,1296.0,0
8.618566132216284,0.9680999192974388,22364.067854901958,-205.07660540482502,40,322.0,644.0,0,259.2,0
31.14690163224036,0.9832448619593612,27682.40347058823,-1809.7645158935309,40,322.0,644.0,259.2,518.4,1
56.15666377774569,0.9727182778621771,32394.6807490196,-156.22059184435466,40,322.0,644.0,518.4,777.5999999999999,1
10.5962492175839,0.986459909273962,23615.03810980392,-136.21671587600133,40,322.0,644.0,777.5999999999999,1036.8,0
5.83530780114631,0.990767186209616,21536.586066666663,-148.34781391870715,40,322.0,644.0,1036.8,1296.0,0
8.348909432327027,0.9716318145291505,23017.82229803921,-286.1612652520015,40,644.0,966.0,0,259.2,0
17.573125812509033,0.9738095512781223,26226.333670588236,-679.3694844049426,40,644.0,966.0,259.2,518.4,1
22.787832827772164,0.976106484513474,26877.373525490195,-995.1085782121191,40,644.0,966.0,518.4,777.5999999999999,1
13.34650199817035,0.9833965353323316,25456.497447058824,-87.24118941211901,40,644.0,966.0,777.5999999999999,1036.8,0
4.00543178493489,0.9876145363460901,22494.472141176466,-21.65013929553078,40,644.0,966.0,1036.8,1296.0,0
6.6798955173576,0.979304253147231,23369.415898039217,-399.7135971927074,41,0,322.0,0,259.2,0
12.024567865568876,0.976133418380151,28858.805925490193,-39.033344931413254,41,0,322.0,259.2,518.4,0
21.224938610429007,0.9795939497360556,27554.16215686274,-169.09460793529553,41,0,322.0,518.4,777.5999999999999,0
11.72990996196254,0.984050460806976,26153.465796078428,-360.5779664430602,41,0,322.0,777.5999999999999,1036.8,1
3.218230653013262,0.9918424129712002,17286.345960784314,-516.8771568635306,41,0,322.0,1036.8,1296.0,0
10.629182916847226,0.9809396907071963,23161.43069019608,-501.73670237906026,41,322.0,644.0,0,259.2,1
26.997761086234295,0.9750463008617914,30630.17718823529,303.9406938469396,41,322.0,644.0,259.2,518.4,0
31.272545620877274,0.9695058650935607,27813.523941176467,-281.4636544629426,41,322.0,644.0,518.4,777.5999999999999,0
17.103134479271993,0.9894208018722287,25933.178584313726,-1045.357832286237,41,322.0,644.0,777.5999999999999,1036.8,1
6.179296865632269,0.9841845646493342,21034.64751372549,-249.43527304141318,41,322.0,644.0,1036.8,1296.0,1
10.92151764649237,0.9924458170954744,26248.37584705882,-2841.223320520825,41,644.0,966.0,0,259.2,1
13.596249217583901,0.9835881133828251,25961.84396470588,-1087.8398243314134,41,644.0,966.0,259.2,518.4,1
36.85661322162839,0.9808825865224473,27710.245466666664,3.5940006449396122,41,644.0,966.0,518.4,777.5999999999999,0
10.649236843372336,0.9793061094891371,22895.22987058823,-171.93815368223662,41,644.0,966.0,777.5999999999999,1036.8,0
4.68051991654476,0.9738973516713928,22361.07950588235,-12.168782291530949,41,644.0,966.0,1036.8,1296.0,0
11.969666329625886,0.9803082689011147,23529.23788235294,-341.50542976706026,42,0,322.0,0,259.2,1
15.130218113534596,0.974928523492249,26849.993572549018,-1207.8372395137662,42,0,322.0,259.2,518.4,1
12.305647840531563,0.9719976944077644,25921.531466666664,-1124.1232957915308,42,0,322.0,518.4,777.5999999999999,1
8.120130964418124,0.9852099457664897,23706.52510980392,-409.4329033107072,42,0,322.0,777.5999999999999,1036.8,1
6.617149092304372,0.9891319886503356,19965.526952941178,-399.5380962624717,42,0,322.0,1036.8,1296.0,1
11.75409263806635,0.9795999753592578,23154.860333333334,-667.9317765405896,42,322.0,644.0,0,259.2,1
19.65537580047186,0.9758200279131102,28743.11407058823,-223.97794792188384,42,322.0,644.0,259.2,518.4,1
21.667521305792288,0.9681701375088512,29204.916584313723,151.52621113376324,42,322.0,644.0,518.4,777.5999999999999,1
10.38710337522269,0.985651030116303,24191.207509803924,-262.2231537064719,42,322.0,644.0,777.5999999999999,1036.8,1
7.040732391664068,0.9828472368118976,21775.34119607843,-252.60828679235425,42,322.0,644.0,1036.8,1296.0,1
6.7125403245221245,0.9755444918797324,22847.92465098039,-177.73829792258977,42,644.0,966.0,0,259.2,0
15.146961818094276,0.9748396636306568,27223.74838431372,-79.970282774825,42,644.0,966.0,259.2,518.4,0
18.25338244499013,0.9753245853320611,27221.79863529412,-172.26654499341328,42,644.0,966.0,518.4,777.5999999999999,0
6.02814290529154,0.9917369406069184,23103.233203921565,-201.60104097047173,42,644.0,966.0,777.5999999999999,1036.8,0
4.139295906376652,0.989755609821326,21321.670062745095,-53.746352364942524,42,644.0,966.0,1036.8,1296.0,0
5.994775867880014,0.9807328795387766,22988.72925490196,-294.02327624941324,43,0,322.0,0,259.2,1
16.80492561028456,0.9836075756101238,28516.34668235294,-1605.663394186825,43,0,322.0,259.2,518.4,1
18.767321488757283,0.972472647690764,29432.177196078428,-310.9004362582367,43,0,322.0,518.4,777.5999999999999,0
10.009870480042371,0.9868398583744747,25242.997454901957,-265.4833795761189,43,0,322.0,777.5999999999999,1036.8,0
4.439638840259958,0.9838762399095182,21169.499121568624,-334.14946439670723,43,0,322.0,1036.8,1296.0,0
5.513132553324667,0.9752769182797335,22395.26911372549,-184.4934686974133,43,322.0,644.0,0,259.2,0
14.756247291636575,0.976320239830473,27551.62032549019,70.29835114105738,43,322.0,644.0,259.2,518.4,0
23.569514661274017,0.9711255501257674,27203.92718431372,-274.4877616592956,43,322.0,644.0,518.4,777.5999999999999,0
9.58759449179065,0.9849723142929975,24113.40419215686,-199.2818446285895,43,322.0,644.0,777.5999999999999,1036.8,0
4.850547974771577,0.9823494195008704,22064.062058823525,-109.2574042676485,43,322.0,644.0,1036.8,1296.0,0
5.177548269054842,0.9823223712970821,23282.232235294116,-348.9130763929426,43,644.0,966.0,0,259.2,0
13.642483990562859,0.9706358047738378,27750.964215686276,-210.62803360294262,43,644.0,966.0,259.2,518.4,0
31.547474601569654,0.9845435564943316,28818.10569803921,-1294.6359081754133,43,644.0,966.0,518.4,777.5999999999999,1
9.571693389185807,0.9900156834645355,24244.150007843138,-126.83010784047187,43,644.0,966.0,777.5999999999999,1036.8,0
4.461306026523418,0.9857792878523981,21229.08119215686,-154.17379878682485,43,644.0,966.0,1036.8,1296.0,0
9.352315951658724,0.984956648440932,22300.473231372544,-232.02945685623664,44,0,322.0,0,259.2,0
16.821476720111708,0.9687925674968311,24536.46781960784,-667.2932976962366,44,0,322.0,259.2,518.4,1
26.687563195146616,0.9729099616936611,27034.943027450976,-2268.4367354098836,44,0,322.0,518.4,777.5999999999999,1
19.614533680003856,0.9907248769098181,27470.402698039215,-3483.9884790042365,44,0,322.0,777.5999999999999,1036.8,1
4.279503105590061,0.9887007130353391,20081.97285098039,-499.87725387282467,44,0,322.0,1036.8,1296.0,0
10.859550291299534,0.978607917088161,23528.142141176468,-191.28309364258962,44,322.0,644.0,0,259.2,0
22.69171601906688,0.980124274959502,25579.17602352941,36.200566112704465,44,322.0,644.0,259.2,518.4,0
25.66941114160528,0.9751378735735368,27016.806831372545,-2366.6418878440013,44,322.0,644.0,518.4,777.5999999999999,1
9.832093504742646,0.9824814932346347,24362.602674509802,-452.9495971592955,44,322.0,644.0,777.5999999999999,1036.8,1
4.89045300846543,0.9855609028587713,21142.685862745097,-173.43906347823662,44,322.0,644.0,1036.8,1296.0,0
8.601365015166834,0.9763373730814936,22263.94582745098,-283.4695331931778,44,644.0,966.0,0,259.2,0
18.021558572873033,0.9718142147174376,29290.07635294117,-253.89493471647205,44,644.0,966.0,259.2,518.4,1
19.94667533342963,0.9724191467090215,29363.06639215686,-729.3409517305898,44,644.0,966.0,518.4,777.5999999999999,1
10.592987144301603,0.9878985068521811,28169.35278431372,-556.7363251905894,44,644.0,966.0,777.5999999999999,1036.8,1
3.853329816062735,0.9874700415458377,18398.50144313725,-333.73601435247156,44,644.0,966.0,1036.8,1296.0,0
10.64451827242525,0.9814804495242383,22740.159639215686,-213.49095982070727,45,0,322.0,0,259.2,0
16.136525591025087,0.975984191761933,28045.939317647055,-69.01385660258967,45,0,322.0,259.2,518.4,0
16.467668159275846,0.9695515783095701,28004.68914901961,-185.57769837070728,45,0,322.0,518.4,777.5999999999999,0
19.978754393567336,0.9791680649294152,29770.82814117647,108.69429392093969,45,0,322.0,777.5999999999999,1036.8,0
3.395884793400321,0.9900029301809736,16983.28565490196,-462.2952908675305,45,0,322.0,1036.8,1296.0,0
8.672805623766191,0.9789834578631665,22336.12308627451,-93.02733664576616,45,322.0,644.0,0,259.2,0
23.323703596706633,0.987755725103232,28091.981498039215,-2577.0491994181193,45,322.0,644.0,259.2,518.4,1
32.545019018729846,0.9764492005414532,30424.52396470588,-217.01066866082505,45,322.0,644.0,518.4,777.5999999999999,1
16.12842457508787,0.9832235283514916,26149.070125490194,40.606393146586896,45,322.0,644.0,777.5999999999999,1036.8,0
5.421484927696108,0.9883461886634827,19212.36443921568,-286.8697291298835,45,322.0,644.0,1036.8,1296.0,0
9.582045356059512,0.9697412204504399,21485.643803921565,-293.8402384694131,45,644.0,966.0,0,259.2,0
14.89173768597429,0.9744174939104242,26901.653266666668,-75.27051860011906,45,644.0,966.0,259.2,518.4,0
19.329336992633255,0.975777224863117,27699.98725882353,-264.6220253172956,45,644.0,966.0,518.4,777.5999999999999,0
13.552265395541433,0.9790947686988296,25978.993027450975,-103.47664049811905,45,644.0,966.0,777.5999999999999,1036.8,0
6.799227799227799,0.9843948324558648,20493.340690196073,-211.19114394964834,45,644.0,966.0,1036.8,1296.0,0
12.23072848957581,0.9755215141775189,23659.135847058824,-211.29342976788382,46,0,322.0,0,259.2,1
27.265913139775634,0.9797651517173409,30719.627003921563,-1278.4413714167074,46,0,322.0,259.2,518.4,1
50.3448047570899,0.9739259722586373,31624.79216862745,-1372.3192953930602,46,0,322.0,518.4,777.5999999999999,1
10.687515046463481,0.9866959220253767,24037.31816470588,-1201.6279520004719,46,0,322.0,777.5999999999999,1036.8,1
5.456018129931174,0.9720818493683793,22563.198819607842,-418.3780672885897,46,0,322.0,1036.8,1296.0,0
12.329577736048922,0.9844939425236021,24358.723262745094,-61.302582600472064,46,322.0,644.0,0,259.2,0
14.470990418412057,0.968926845946465,29157.59618431372,-42.121299949295576,46,322.0,644.0,259.2,518.4,0
43.2845466801483,0.9640980875608989,29892.52914509803,406.52044922305726,46,322.0,644.0,518.4,777.5999999999999,0
13.45094852905773,0.9788783676742854,23534.3977490196,-271.1090995790602,46,322.0,644.0,777.5999999999999,1036.8,0
4.439674812345619,0.9762867695965529,23695.70084313726,-163.598091071178,46,322.0,644.0,1036.8,1296.0,0
8.306020992825847,0.9776311688435793,23858.068113725487,-502.80155158153093,46,644.0,966.0,0,259.2,1
13.154749867591125,0.9699038070937214,27846.469003921564,-104.1248095778838,46,644.0,966.0,259.2,518.4,0
45.2799845924214,0.9685264944879536,30717.212356862747,108.77504588270423,46,644.0,966.0,518.4,777.5999999999999,0
12.555370985603545,0.9843933855759328,23520.215964705883,-159.4937380278836,46,644.0,966.0,777.5999999999999,1036.8,0
6.7650183457636865,0.9828522703534364,22184.26850980392,-113.92486765764838,46,644.0,966.0,1036.8,1296.0,0
6.395421060234003,0.9712027414964884,24233.56670588235,-230.12155717294274,47,0,322.0,0,259.2,0
18.037965236650777,0.9796261667572768,27718.79774117647,-195.69107406211916,47,0,322.0,259.2,518.4,1
40.539927295488475,0.9757192204744912,30471.288568627453,-1985.3731154111774,47,0,322.0,518.4,777.5999999999999,1
13.727009003803747,0.9862827548598581,24990.60510588235,-284.1887639992956,47,0,322.0,777.5999999999999,1036.8,1
5.731180603851411,0.9821599254230416,21236.62001176471,-406.84884053423656,47,0,322.0,1036.8,1296.0,0
13.18502335211132,0.9810276932365882,24862.44034117647,-52.86669432811921,47,322.0,644.0,0,259.2,0
25.866880928306614,0.9737755778341607,27371.01798431372,-226.6201521108249,47,322.0,644.0,259.2,518.4,1
45.7692715104242,0.9700188541068436,29967.837411764707,-1519.6657849858836,47,322.0,644.0,518.4,777.5999999999999,1
12.618505946362369,0.9843247127387705,23701.67624313725,-458.8498738322365,47,322.0,644.0,777.5999999999999,1036.8,1
6.482637473320704,0.9797016521422851,22333.00582352941,-66.38349603470732,47,322.0,644.0,1036.8,1296.0,0
10.304239491549907,0.9836199346812448,22987.541058823525,-228.5926533635309,47,644.0,966.0,0,259.2,0
15.1135586691704,0.9786779555911861,26610.718827450983,-87.66755977023674,47,644.0,966.0,259.2,518.4,0
48.30203668929656,0.9717232898705954,32550.21872941177,-153.80341645553096,47,644.0,966.0,518.4,777.5999999999999,1
11.589207472675625,0.9855976704824057,24172.3169254902,-270.00010597082485,47,644.0,966.0,777.5999999999999,1036.8,1
4.588635219070001,0.9687433472452904,24099.202890196073,-22.019444934001594,47,644.0,966.0,1036.8,1296.0,0
6.28159757330637,0.9725517354820322,24394.506952941174,-210.7938442977663,48,0,322.0,0,259.2,0
13.373645818286871,0.9845865982069604,25519.299639215686,-339.5716894560014,48,0,322.0,259.2,518.4,0
23.564061822909146,0.979220936649753,26757.568815686274,-2578.7912884065895,48,0,322.0,518.4,777.5999999999999,1
17.62117819827628,0.9872015497581316,25016.16456078431,-701.6258017601189,48,0,322.0,777.5999999999999,1036.8,1
4.354037267080746,0.981744286727162,20875.587109803924,-417.6480695542366,48,0,322.0,1036.8,1296.0,0
6.615821657277674,0.9801892102821704,22440.208811764704,-246.7575379892956,48,322.0,644.0,0,259.2,0
16.722254321344312,0.9790006355224891,29563.17694117647,92.85398910117499,48,322.0,644.0,259.2,518.4,0
43.19686792816218,0.9697136503327787,29931.713803921564,-629.2838876400016,48,322.0,644.0,518.4,777.5999999999999,1
11.862980884972798,0.9801201714621494,24939.96285098039,-93.26420906694251,48,322.0,644.0,777.5999999999999,1036.8,0
5.793232451617545,0.979664883678563,20962.698352941174,-234.54676467764835,48,322.0,644.0,1036.8,1296.0,0
7.797787568010016,0.978170521016107,23533.752211764706,-524.0500844538838,48,644.0,966.0,0,259.2,1
13.780670711156052,0.9678931214690887,29366.81615686274,-209.69669431058966,48,644.0,966.0,259.2,518.4,1
31.034462419952817,0.9704163809104442,29990.220094117645,170.27681665552782,48,644.0,966.0,518.4,777.5999999999999,0
12.041829168472244,0.9802285590290167,25233.697294117646,-80.35358542000141,48,644.0,966.0,777.5999999999999,1036.8,0
4.9468452480874845,0.9797289359719209,22067.967839215682,-96.76992090035436,48,644.0,966.0,1036.8,1296.0,0
5.513084404641533,0.9668596363780455,23820.291733333328,-171.21138602635452,49,0,322.0,0,259.2,0
20.839111175309355,0.9753347157598979,26870.629917647053,-141.01122901917796,49,0,322.0,259.2,518.4,0
19.66353700226299,0.9638689832847512,30352.311921568627,294.561622661175,49,0,322.0,518.4,777.5999999999999,0
10.718980210891234,0.976522490256445,30277.451352941174,180.14685976882214,49,0,322.0,777.5999999999999,1036.8,0
2.985671119211492,0.9880941429686103,16599.192498039214,-625.021260751648,49,0,322.0,1036.8,1296.0,0
7.578602725215465,0.9809302712092604,22908.753811764702,-34.56829979223681,49,322.0,644.0,0,259.2,0
22.898984062785885,0.9819666327749228,27017.29865490196,11.724108155410324,49,322.0,644.0,259.2,518.4,0
26.18398815542395,0.9668103783471719,29160.73822352941,93.47739424599854,49,322.0,644.0,518.4,777.5999999999999,0
15.739443401222978,0.9858833994391745,26579.396184313722,105.38561687423396,49,322.0,644.0,777.5999999999999,1036.8,0
4.2563850452049214,0.9885471165679882,20728.33102745098,-258.91878343106015,49,322.0,644.0,1036.8,1296.0,0
7.854241898984064,0.9777758859739573,22642.04221568627,-188.52352993588383,49,644.0,966.0,0,259.2,0
11.823667485194282,0.9816101205147681,23106.106125490194,-281.4754980840013,49,644.0,966.0,259.2,518.4,0
22.62460879194954,0.9750275194940857,25986.54082745098,-1693.0488604372952,49,644.0,966.0,518.4,777.5999999999999,0
14.491393422889885,0.9818664934494825,24215.76050196078,-111.26974315482492,49,644.0,966.0,777.5999999999999,1036.8,0
5.463740137653181,0.9834521988975261,22482.626576470586,-55.310787037530844,49,644.0,966.0,1036.8,1296.0,0
